{"templates":["53e916e04e1956055aece4198a85d8f8ed2b4100"],"oligo":{"state":"MONOMER","based_on":"monomer","predicted_qs":null},"gdt_ha":null,"pred_lddt":0.5870000124,"gdt_ts":null,"creation_date":"2017-10-20","ligands":[{"description":"FE (III) ION","number":"1","reason":{"sterically_valid":true,"conserved_residues":true,"relevant":true,"bound":true},"included":true,"model_binding_residues":["A.317","A.322","A.362","_.1"],"name":["FE"]},{"description":"(3~{S})-8-[2-azanyl-6-[(1~{R})-1-(4-chloranyl-2-phenyl-phenyl)-2,2,2-tris(fluoranyl)ethoxy]pyrimidin-4-yl]-2,8-diazaspiro[4.5]decane-3-carboxylic acid","number":"2","reason":{"sterically_valid":true,"conserved_residues":true,"relevant":true,"bound":true},"included":true,"model_binding_residues":["A.280","A.281","A.283","A.302","A.309","A.310","A.311","A.312","A.313","A.317","A.354","A.357","A.358","A.362","A.378","A.381","A.382","A.409","A.410","A.411","_.2"],"name":["6Z4"]}],"modified_template":false,"residue_range":[{"chain_name":"A","residue_from":"149","residue_to":"439"}],"lddt_ca":null,"mod_engine":"PROMOD3","lddt":null}