{"templates":["322714d92eb368fa2672f9c06ad0ebe3ef2d58e9"],"oligo":{"state":"MONOMER","based_on":"monomer","predicted_qs":null},"gdt_ha":null,"pred_lddt":0.6370000243,"gdt_ts":null,"creation_date":"2017-10-20","ligands":[{"description":"FE (III) ION","number":"1","reason":{"sterically_valid":true,"conserved_residues":true,"relevant":true,"bound":true},"included":true,"model_binding_residues":["A.317","A.322","A.362","_.1"],"name":["FE"]},{"description":"SULFATE ION","number":"2","reason":{"sterically_valid":false,"conserved_residues":false,"relevant":false,"bound":true},"included":false,"model_binding_residues":[],"name":["SO4"]},{"description":"IMIDAZOLE","number":"3","reason":{"sterically_valid":true,"conserved_residues":true,"relevant":true,"bound":true},"included":true,"model_binding_residues":["A.280","A.286","A.317","A.318","A.322","A.362","_.1","_.3"],"name":["IMD"]},{"description":"TRYPTOPHAN","number":"4","reason":{"sterically_valid":true,"conserved_residues":true,"relevant":true,"bound":true},"included":true,"model_binding_residues":["A.280","A.302","A.309","A.310","A.311","A.312","A.313","A.317","A.358","A.362","A.363","A.378","A.381","A.382","A.411","_.1","_.4"],"name":["TRP"]},{"description":"TRIETHYLENE GLYCOL","number":"5","reason":{"sterically_valid":false,"conserved_residues":false,"relevant":false,"bound":true},"included":false,"model_binding_residues":[],"name":["PGE"]},{"description":"TRIETHYLENE GLYCOL","number":"6","reason":{"sterically_valid":false,"conserved_residues":false,"relevant":false,"bound":true},"included":false,"model_binding_residues":[],"name":["PGE"]}],"modified_template":false,"residue_range":[{"chain_name":"A","residue_from":"149","residue_to":"455"}],"lddt_ca":null,"mod_engine":"PROMOD3","lddt":null}